,Nombre,Fecha,Hora
0,persona0,07/09/2022,22:12:30
1,persona1,07/09/2022,22:13:32
2,persona2,07/09/2022,22:13:56
3,persona3,07/09/2022,22:14:03
4,persona4,07/09/2022,22:14:59
5,persona5,07/09/2022,22:15:07
6,persona6,07/09/2022,22:15:27
7,persona7,08/09/2022,15:51:16
8,persona8,08/09/2022,15:52:18
9,persona9,08/09/2022,15:52:50
10,persona10,08/09/2022,15:56:10
11,persona11,08/09/2022,16:02:27
12,persona12,08/09/2022,16:02:36
13,persona13,08/09/2022,23:00:55
14,persona14,08/09/2022,23:01:49
15,persona15,08/09/2022,23:01:58
16,persona16,08/09/2022,23:02:08
17,persona17,08/09/2022,23:02:19
18,persona18,08/09/2022,23:02:29
19,persona19,08/09/2022,23:02:39
20,persona20,08/09/2022,23:02:50
21,persona21,08/09/2022,23:02:59
22,persona22,08/09/2022,23:03:10
23,persona23,08/09/2022,23:03:21
24,persona24,08/09/2022,23:03:34
25,persona25,08/09/2022,23:03:44
26,persona26,08/09/2022,23:03:54
27,persona27,08/09/2022,23:04:04
28,persona28,08/09/2022,23:04:13
29,persona29,08/09/2022,23:04:50
30,persona30,13/09/2022,21:04:35
31,persona31,13/09/2022,21:07:16
32,persona32,13/09/2022,21:07:52
33,persona33,13/09/2022,21:08:03
34,persona34,13/09/2022,21:26:16
35,persona35,13/09/2022,21:26:30
